{"score": [0.0037949038664323374, 0.007040978910369071, 0.011796137082601056, 0.020542298769771532, 0.025478138840070306, 0.03189371634446394, 0.048919145869947236, 0.06279760984182776, 0.08394581722319855, 0.08879931581722322, 0.096360281195079, 0.10434098418277686, 0.11460622319859404, 0.13236859402460469, 0.181161862917399, 0.25426504393673144, 0.27218848330404205, 0.29007557117750454, 0.4051720562390161, 0.6274165202108963, 1.2168534270650269, 2.8660592267135288, 14.127291739894563, 16.269189806678394, 19.28964850615117, 25.677223198594014, 40.33707908611603, 91.96903339191566, 107.2612126537786, 654.8891036906857, 880.5831282952545], "features": ["fractal dimension error", "smoothness error", "concave points error", "symmetry error", "compactness error", "concavity error", "mean concave points", "mean fractal dimension", "worst fractal dimension", "mean concavity", "mean smoothness", "mean compactness", "worst concave points", "worst smoothness", "mean symmetry", "worst compactness", "worst concavity", "worst symmetry", "radius error", "target", "texture error", "perimeter error", "mean radius", "worst radius", "mean texture", "worst texture", "area error", "mean perimeter", "worst perimeter", "mean area", "worst area"], "score_std": [0.0026437447504047366, 0.0029998783671144774, 0.006164860746471698, 0.008259104387588137, 0.017892435868281948, 0.030159523121970455, 0.03876873246147475, 0.007054155881537344, 0.018045389308594995, 0.07964972534603187, 0.014051764066591203, 0.05276632912535516, 0.06567455451119318, 0.02281235693554464, 0.02739018086426853, 0.15719817109455367, 0.20844087461170607, 0.06181307854455482, 0.27706894152536543, 0.48349253394167957, 0.551163426903576, 2.020077099145524, 3.5209507607110626, 4.828992576060773, 4.297254637090421, 6.140854318589003, 45.451013415639935, 24.277619293053174, 33.57300156682592, 351.6047540632298, 568.8564589532672], "feature_score": [["fractal dimension error", 0.0037949038664323374, 0.0026437447504047366], ["smoothness error", 0.007040978910369071, 0.0029998783671144774], ["concave points error", 0.011796137082601056, 0.006164860746471698], ["symmetry error", 0.020542298769771532, 0.008259104387588137], ["compactness error", 0.025478138840070306, 0.017892435868281948], ["concavity error", 0.03189371634446394, 0.030159523121970455], ["mean concave points", 0.048919145869947236, 0.03876873246147475], ["mean fractal dimension", 0.06279760984182776, 0.007054155881537344], ["worst fractal dimension", 0.08394581722319855, 0.018045389308594995], ["mean concavity", 0.08879931581722322, 0.07964972534603187], ["mean smoothness", 0.096360281195079, 0.014051764066591203], ["mean compactness", 0.10434098418277686, 0.05276632912535516], ["worst concave points", 0.11460622319859404, 0.06567455451119318], ["worst smoothness", 0.13236859402460469, 0.02281235693554464], ["mean symmetry", 0.181161862917399, 0.02739018086426853], ["worst compactness", 0.25426504393673144, 0.15719817109455367], ["worst concavity", 0.27218848330404205, 0.20844087461170607], ["worst symmetry", 0.29007557117750454, 0.06181307854455482], ["radius error", 0.4051720562390161, 0.27706894152536543], ["target", 0.6274165202108963, 0.48349253394167957], ["texture error", 1.2168534270650269, 0.551163426903576], ["perimeter error", 2.8660592267135288, 2.020077099145524], ["mean radius", 14.127291739894563, 3.5209507607110626], ["worst radius", 16.269189806678394, 4.828992576060773], ["mean texture", 19.28964850615117, 4.297254637090421], ["worst texture", 25.677223198594014, 6.140854318589003], ["area error", 40.33707908611603, 45.451013415639935], ["mean perimeter", 91.96903339191566, 24.277619293053174], ["worst perimeter", 107.2612126537786, 33.57300156682592], ["mean area", 654.8891036906857, 351.6047540632298], ["worst area", 880.5831282952545, 568.8564589532672]]}